{"cameraMode":{"drawMode":0,"name":"Shaded","section":"Shading Mode"},"sceneLighting":false,"audioPlay":false,"sceneViewState":{"m_AlwaysRefresh":false,"showFog":true,"showSkybox":false,"showFlares":true,"showImageEffects":true,"showParticleSystems":true,"showVisualEffectGraphs":true,"m_FxEnabled":true},"in2DMode":false,"pivot":{"x":0.0011252667754888535,"y":0.0018242315854877234,"z":-0.002817438915371895},"rotation":{"x":-0.10309930890798569,"y":-0.6375898122787476,"z":0.08666892349720001,"w":-0.7585135698318481},"size":0.024586165323853494,"orthographic":false}